id,landmarks,Usage
f98f72d575108910,,Public
f58c191a64ebcac5,,Public
fdd8c023b6973661,,Public
f9bad4ff808b1db1,,Public
ffa0a3f1c10136d5,,Public
f64bee68a0ada86a,,Public
f76763e326abd6b0,,Public
f7c4760bd93f91fd,,Public
fe56dbb8c2357eae,,Public
fd26b48c69f6bb24,,Public
f7d45bac5e4c0cc9,,Public
fde0954a90a11c3e,,Public
fd107c07c13c05ac,,Public
ffaa7e45d9c14204,,Public
f8c0e2dcdc7004ad,,Public
f553b87eea6998e2,,Public
f57bec2660505520,,Public
f9a8b730d4328d2c,,Public
f78d0d90ff5b4ba9,,Public
f45e7b4a2ed58283,181954 44829,Public
f43278c62a719f9a,,Public
fcf2f3329af7ace1,,Public
f75e7630c81dd178,,Public
f676754ed9f9192b,58151,Public
f6c8ea4bc544c19d,,Public
f34f9b6196cbfc1a,,Public
fcb80389ce6a59a8,,Public
f6620578ea9c6668,,Public
f56443159b1db51b,,Public
f3cc999c574c1587,,Public
f521a19132733a0d,,Public
ff4f691f413e5328,,Public
f420af2ea23685fe,,Public
fd7edccc7551756b,,Public
ff2ea2b04e066e25,,Public
f47bd3d1f39f31ac,,Public
f8d8b22adc6ef18c,,Public
f583ef14f033991f,,Public
f386f3e07f3ca144,,Public
f512adc240f2ea3c,,Public
f79e3e5a12282715,,Public
fcbf933217e4cd72,,Public
f6ca1256cade2a9d,,Public
fbe1af0915721298,10936,Public
f9caf0419b1ce96c,,Public
f6f35b2bebf7b6fd,,Public
fcf87ae27fa9a38f,,Public
f59d6cd6da89fbaf,,Public
fb7365b849036dcc,,Public
fd40490a908024ac,,Public
fa4f5ac2ef747550,,Public
fcdaf9a3e32addee,,Public
fa4786b2dc0c4736,,Public
fd6c6a08b773336f,,Public
fb62b22d9ad06771,,Public
f5156855577dd3fc,,Public
fa66058dbd8c8b22,,Public
f682e90ef58b60f2,,Public
fdf80dc85f93b7a1,,Public
f6fe80b5151f1503,,Public
fb928a02aa49055a,,Public
f417f0443c985a58,,Public
fad64f9f5d8b6ec9,,Public
ff4037256c7390bb,,Public
ffada81e548ee13a,,Public
fff4eaf2bc83e250,,Public
f9849f774653fe1d,,Public
f97257e8a7ce9088,,Public
f851dafdf1ce874e,,Public
f659913006e380ce,,Public
ffbf994aff138ccb,,Public
fe4d3aefb6676c2c,,Public
f33ea5ef66005900,,Public
f7e1124716d7fb51,,Public
fb756a6efdaa7a71,114046 171629,Public
f68e07ad7dbebeca,,Public
fa924822e9fb573e,,Public
fb71b96724d82991,,Public
f4420b618bb3866e,,Public
f8ca40e776138190,,Public
f84c5806de790e55,,Public
fe451dfb21e4b6a4,,Public
f5f3052ea102729f,,Public
ff3b829bbe8e0216,,Public
fad95a41b9bff9d0,,Public
fc385c6b6ebf798d,,Public
f972a547a45b559c,,Public
f32bae5e3396cb7a,,Public
ffca943d47b11bd1,,Public
f9aed8e4ddf75edd,,Public
f56390f5fa85e546,,Public
fa71c6bd3b898812,,Public
f813af2a34b57d2b,,Public
f6bb38c3a7b5e16c,,Public
fd1e3e3f961fd63e,,Public
f3ddc9e012af17f0,,Public
f77488c8ac64829f,,Public
feff2bb57c027789,,Public
fda4117cfd9c56ec,106126,Public
f980f5d0abb42827,,Public
fea50b6be24e607b,,Public
fd43a2a8a02d34d5,,Public
f628ccbd5bff71c5,,Public
fd175c6af77aaa48,,Public
f3f8009e90b8ee3c,,Public
f4ef17eb416a0a85,,Public
f73c9ce8a88a1ce2,,Public
fb7672138a9d25f1,,Public
f75625567fd8fdfd,,Public
ff9affd697cb1165,,Public
fb0ef55500149e3e,,Public
ffe69ed7b9cc6a3e,,Public
f994c48f58cfd01b,56484,Public
fa5520b81a1cbf8b,,Public
fbf02601374522ac,,Public
fde6c574529cb988,,Public
f5af6940100d77a8,,Public
f6e6a0a90f16e4cd,,Public
f710607ee121af98,,Public
f6cb9e170ced88f5,,Public
f3214b6eafe5dcbe,,Public
fb71e18e9f630579,,Public
f9eccd2095ff4221,,Public
fb41c0414ad133f3,,Public
fc8046ad70a65e05,,Public
fef04b5aa5943d02,,Public
f3d6b8a3ff0dc67d,,Public
fecb8abac209f056,,Public
fa5cc677bbaf8b6e,,Public
f722477c5f0d2590,,Public
f91a1900fd813af0,,Public
fb413560f5d2dc6e,,Public
f3902d6b01a4abd7,,Public
f4fb816f2dd7d714,,Public
f9e9bb0fd86ba3c8,,Public
f431f1fed5470337,,Public
fab92cc122edb60f,,Public
fb3f5f0e2d8bbf48,,Public
f38a806ff518294b,,Public
f6605344e37dad2a,,Public
fcecc8c4e7edbbce,,Public
f3d60840da164430,,Public
ffc3b282e9441208,,Public
f910e653722bcadf,,Public
f51db5cb56d74d63,,Public
f9c0fb94ee8e3002,,Public
f96844950ea20392,,Public
f4265f4ac0cf4871,,Public
f37355be15ee99a5,,Public
f89b48a93641e10c,,Public
fe047fcb2702bb27,,Public
f556d9d5db8493f1,,Public
fbc679632217af81,,Public
fd7f6ea3dc343061,,Public
f6c5162df7ec58fe,,Public
f6e3c52822340e14,,Public
fc30193a67ead81d,,Public
fa9268a0a8af9a30,,Public
fe08d1342bdda161,,Public
f962735b9f2f750e,,Public
f667893ffd663ca6,,Public
fca2044e111683bf,37212,Public
f5d31ce682372a4a,,Public
fb2525821e2ecee4,,Public
f65a6ba9ed544d19,,Public
fe812d90b47094cb,,Public
fb8958e01daf1e3d,,Public
f848696aa7c063ba,,Public
fba7c8f8a308d307,,Public
fcad567155829ac0,,Public
f88e66f8b895cce9,,Public
fbf8b3d66d7a55ed,,Public
f606e3b9b0b8e7f5,,Public
f537443f9ba3d459,,Public
f7096f40d5890068,,Public
f5bbf48e727ea025,,Public
fe9b9b6b8a487ec1,,Public
fcf6601ee7552936,,Public
f3e4c7ac5d7e3995,25109,Public
fc6e90af70c5a06e,,Public
fbcebec8617150bc,,Public
f419c0e5df7fca11,80801,Public
f562dbe220bf651c,,Public
f6f229dd636c4784,,Public
fb5bb0deab8f8030,,Public
f4ea5eafd70a043b,,Public
ff8a8df2f5cbc4fa,,Public
fd3c356a4cbf6c62,,Public
f83dc7390f5a0dac,,Public
fa2b830bd457b06e,,Public
fed44eee06d95ca8,,Public
f9d3768d54019f2f,,Public
fa0e14668c622f72,,Public
f7923b151a57d0f1,,Public
fbceb421108c3f9c,,Public
f53d0fea75071b1d,,Public
fc21e25dcc3853a8,,Public
f6c9c0ea569298d0,,Public
fd3deb2a9a1bb5e8,,Public
fa67a6722e4ea9ae,,Public
fc6ce901c34f3414,,Public
fb6c87d40e7e109e,,Public
f47e151208ba0d09,,Public
fb128cded807191a,,Public
f48ae493c7e6df7e,,Public
fad9807cd1a60d49,,Public
ff8c9a6281daa12d,,Public
fc1963336787e7ae,,Public
fe79139bb1a2fd99,47378,Public
fb450b3d7a51cbbb,,Public
f50f2011cf207c49,,Public
faf4520a0ed5fd68,,Public
f81059f592f51550,,Public
fffb5cd5906e5370,,Public
f89e1a8b131bf4a9,,Public
f5c31260e191d017,,Public
f3ca79361da7b53a,,Public
feae82d78342a2a8,,Public
f34fe515bbceea65,,Public
f6521a739a97cd38,,Public
fe358974539d131a,,Public
fb0e181add2415ac,,Public
f81212da38ceb203,,Public
f9104eda785475da,,Public
f84e8badf1a7d862,,Public
f5596de3a75a792f,,Public
f8770fe02525cc10,,Public
fcccdeae8f36fc6d,,Public
fed5f1e32947234e,,Public
fcd83dd5ed8823e6,,Public
f3b4c262508d8b00,,Public
f947e3ac912aba35,,Public
f6bbf7d3a450fd61,,Public
fc87c638e4c1de83,,Public
fe7e7831d0bfb33a,,Public
fab6eb97a65ff3c1,,Public
f62de921772e1700,,Public
ffbe3d58c2850e1e,,Public
f9cbbc075c8fea59,,Public
f3b2c8fa323c1f62,,Public
fc84be11fa62f399,,Public
fe7669278eac4065,,Public
fcb4ea45a8f3b305,,Public
f879b9686f68c18b,,Public
fd32c0e0c691a4f9,,Public
fb920ea582c9790c,,Public
f9127e2f911562b5,,Public
f6c9efe17f4ea991,,Public
ffb670f752aa25d2,200761,Public
f519d1f9452b0bef,,Public
fe89b7167c08e3d2,,Public
f38c88383a8a1599,,Public
f7999dee5bacbba5,,Public
fa714525e0f00a61,,Public
f6f1c3ec2286e81b,,Public
f975f92146846414,,Public
ff70a62b41d56c49,,Public
fce3c27f5146baa8,,Public
f5889d074625139a,,Public
f3f87017a9826e6e,,Public
f52e4b93023f4fb2,,Public
f41c5080bda87795,,Public
fa50dba8dee7305c,,Public
fba95fbebe5aeb78,,Public
f443eb4b90ac86e0,,Public
f322ea99d255c522,,Public
fe7cc41969058ed6,,Public
f44d38fc4e71eaa6,,Public
f4a980f5cd7b432c,,Public
f9ffa57a488a3402,,Public
fedf0b20c5e91c3e,,Public
f32caf989088f038,,Public
f3cb77b6442472d7,,Public
fa6121569aa8746f,,Public
fc2346b87e6fcb0e,,Public
f7c8a25a3c32307b,,Public
fd25aaedf7b9074a,,Public
fabd61952331de72,,Public
fa7f680668594d94,,Public
f7a84c3a7f7bb74e,32998,Public
fd3bad7006d58178,,Public
f78f60404d633254,,Public
fe4322032368b372,,Public
ff8ba1f30be0dc1b,,Public
fc3672a2ad85c7d0,,Public
fe1344eee3762982,,Public
feeacaa6429ea5c3,,Public
f8633b790c4da199,,Public
fcb58a81237f720e,,Public
faae58af6064fcfa,,Public
f906f689b08092ac,,Public
f55edb3dbc329176,,Public
fcc3cbc736c65bd0,,Public
f872f7cb7416adc0,,Public
f7365c1bb55dedd6,,Public
f94a57ee04ee95b0,,Public
fbba3f9699f03054,,Public
fbd0dbf9fbe39c31,,Public
f6df9a75a0a36849,,Public
f90d440b13b4df0c,,Public
f6d6751b488b9501,,Public
f3fc74d7bf8bd763,,Public
fbb0fd1fee78b4d3,,Public
ffe03b2ee8aec86e,,Public
f7267397d7c51efc,,Public
fbc7c80f801ac559,,Public
f3eb1da7941727b0,,Public
f8cde7d9815474dc,,Public
f6d461615cfd422a,,Public
fbfed8c945146abc,,Public
f3fe88d984560741,,Public
f8db76fea1aa96be,,Public
fc745ec5769d0227,,Public
fdd352c615703a8c,,Public
f68758393bc6f142,,Public
fa358b1f4ec8009a,,Public
fbc2fb427bf17b47,,Public
f6ac05f35078d740,,Public
f32d807ddf4c1ca2,,Public
f68c1c42104c0562,,Public
f56d5d7601bf43f6,,Public
f4b66441bf992161,,Public
f725a2bbe35c4860,,Public
fc7a199e590a01cb,,Public
fb8e74385132d8e4,,Public
fec8380069547e8c,,Public
f811880ece8a6082,,Public
f81c977c9903b4c6,,Public
fb83270ab8a889a5,,Public
fcee728cedcf3cde,,Public
fa0f5345f2789ae8,,Public
f82585a54f09ee97,,Public
f6c550a9412eb2f4,,Public
fa8eae719d1e6977,,Public
fd0a741f1d912bb2,,Public
f64724454cfc0a3c,,Public
f72d0349f99e827d,,Public
ffbe48f71c7c2575,,Public
f71d0123ff2a2a68,,Public
f9d9f73cd64c746f,,Public
fb83054332349703,,Public
f64c8f5e3aeaf658,,Public
f8cbba7b80e52c72,,Public
f43a2aa89bb03617,,Public
f769f21acbe36bf3,,Public
fbb6c21a359d949a,,Public
ff7d901e964d31c3,,Public
f5581b7a65de6d56,,Public
f45c84baf81e6d1d,,Public
fc8c04aeaa6e6d1a,,Public
f74ad9c1cfa11cc1,,Public
fb075b6bbc412d8d,,Public
fd398ccdd14ea120,,Public
fc454b17c41326d5,,Public
f8ce20ae145a7882,,Public
fccbaf317358a184,,Public
fe136a8b1d481352,,Public
fa8c829b7485e660,,Public
f7af8905801d2a66,,Public
fa336ef62ac335e4,,Public
f9a8de941032edf5,,Public
f7f7f9be2f4926e5,,Public
fb8bc782b0b0fa95,,Public
fa4f433a2b74e5f3,,Public
f91c2f6cc1fe87a6,,Public
fb16eed553ec4fa3,,Public
f566029ef00a05a8,,Public
fac64730e072ec18,,Public
fa3066d3e3e2d2b0,,Public
fa63502718ab9729,,Public
f88a7cf9bc4b9865,,Public
fb926b7128f72694,,Public
f34e07739cb8f28c,,Public
fd950a7e6defed66,,Public
f5bd820ae67fa306,,Public
fa43f8f2f51e2187,,Public
f423686fbcab1e4d,,Public
fcce1a375df521c3,,Public
fabe81b2a49f4416,,Public
f622fa20390c910e,,Public
f45b3f60133b93ab,,Public
f8ad2096c58866c0,,Public
f438b294a086e7ea,,Public
fc225e97eb1a7b14,,Public
f78d7df02cb12fa9,,Public
f6898cf170be3434,,Public
fa15fb2af1783e4e,,Public
fb07a8a71276c1fd,,Public
f4573793da17f254,,Public
f46b0041393a1bbb,,Public
fdcb41076879d879,,Public
fb09943ab1b73489,,Public
f989af6e45f5b996,,Public
f9bb115d63893302,,Public
fb55ecf6398fb2ef,,Public
f6d1d136bf02e97e,,Public
f86ae3b041833abd,,Public
f4c946ca8460a785,,Public
f60f17fb74ee82a6,,Public
f94cddd8c0249542,,Public
f68b9ecd7049e9e5,,Public
f725ffd3cd89aa58,,Public
f69f6c22d5d58216,,Public
fa4d12d231cc59f8,,Public
faba2b3203910c01,,Public
f93e0c025891b89e,,Public
fbdb8ec7e7250c86,,Public
f82dc6ab80d52e74,,Public
fa1062b01303875d,,Public
fddf43e176123c10,,Public
fd796c917e3bab4d,,Public
f94e43ffb022e59d,,Public
f34adb2efc111080,,Public
ff5ba73b77db7210,,Public
feefd0b6cc9876a8,,Public
f8641bcdb191df73,,Public
f5a103e7a9e4003a,,Public
f3c69e621e894acf,,Public
faeff0f4c56ed89f,,Public
fe58a313126c9d99,170084 35855,Public
f829cfb12008b5dd,,Public
fcf42682fe9bbee3,,Public
fa783d79a7d43024,,Public
f9d917ec39a6f296,,Public
fcb5e79988067892,,Public
ff47a1b096d64793,,Public
f95e6474c4140af5,,Public
f78944dae1bb5792,,Public
f55fc05aec29fdda,,Public
fb11351569e35470,,Public
ffc6fb58ef198b64,,Public
f6ab95717ad0269e,,Public
faa22d6d8f9227e7,,Public
fb13c9157add3a3e,,Public
ff8ea5bd05ddd19f,,Public
ff96006af31147a8,,Public
fdcac8838864b895,,Public
f3ebe0cc0d2d83e6,,Public
fa439eb7061900b5,,Public
f40bec0a28014b8f,,Public
fe5270fb4625415e,,Public
fa0af2d8d9ae0a10,,Public
f62c2900a944427e,,Public
fdd8a51a2aa0c0c9,,Public
f69b35d6dbf4efdc,,Public
f39e3d3fb0c0edf5,,Public
f500a933db25ec76,,Public
f665bfb9cb94f8ad,,Public
f780540e8b087927,,Public
f9f08c3cab5e9be2,,Public
f554ec84f8062a2a,,Public
fd0bc4be8762f8a4,,Public
f4b31b029b695913,,Public
f63d26b498a24273,,Public
f5fdce5d498154d4,,Public
fb65da80b0a2b6d9,,Public
faf4bd84c78a9f45,,Public
fbf50aa98c11c501,,Public
fc72b8c858dfd51a,,Public
f60d614691986a06,,Public
f82899e91a64de6c,,Public
f5944dd252924850,,Public
ff27bd948c1caa10,,Public
fa0e1570ba0b1a91,,Public
f3b434368935dcf1,,Public
f882418b69ee2689,,Public
fbf82ade258650ba,,Public
fb4a628bfc557ad6,,Public
f6ac86c1ae6cb502,,Public
fbbcfddfa44a1c9a,,Public
f880615f1199c1f9,,Public
f7e333929841115f,,Public
fdcde157d6efd072,,Public
f99cdaba64d7fb5f,,Public
fa5604ca21741580,,Public
f8c5a0cb8baf317c,,Public
f6c50aaf7a437d62,,Public
fb02da35b3ea9a72,,Public
f99e76f7e4eb7d0a,,Public
fea0b00833d3a2c1,,Public
f478dcc39575a398,,Public
f330d307c2a3eb8b,,Public
ffa3d1f9755bf466,,Public
fde5d5fd60ed3867,,Public
f6482926c7dbba54,,Public
f41e17194233ea7a,,Public
fadb49ff4cf4ba11,,Public
f70cc6d2c9007672,,Public
f728cab4b16e404b,,Public
fefb722797194589,,Public
fea361aa55634e45,,Public
fa6209f26995b0ce,,Public
f5c08b69fca1de18,,Public
fdb7cd919e0eecc4,,Public
f90a7854e7727f00,,Public
f643da5d416b4cfd,,Public
f5c32942e9d652d6,,Public
ff6b7f8074a3d731,,Public
f7ff676282f0fa52,,Public
f62dc9fa32983d3c,,Public
fea64ab767653e1b,,Public
f4e431044acbfbca,,Public
f341ed15da231807,,Public
fd6e78cc5aea48f7,,Public
f5b8bf5bfca03b94,,Public
f6871fdcfa50ba16,,Public
fbe476a57984cb89,,Public
f3c0bd9802256644,,Public
f7ea5eaa073610da,,Public
fc012a4f4b8df0b4,,Public
f9b9cfc67ad5fae7,,Public
f7920b79406be695,,Public
fd3f39fbd9f14842,,Public
ff962a5924be7010,,Public
f57c787e72ff5d80,,Public
faf09fec3e627733,,Public
f3861167e88bdbd0,,Public
f5ca6008ca42c67b,,Public
f63af7382fa5fcae,,Public
f53dad25527ea551,,Public
fa2dac00ac047933,,Public
f3d46b8d99f865b4,,Public
fa1852492cfe6138,,Public
f6baaacbc8c2e64c,,Public
f8c599c063911b45,,Public
f69118d6f7d60276,,Public
fcb16fad5da02354,,Public
f4eb5182398b2bdd,,Public
fc167154e568fc8b,,Public
f9bd2ac7ed15bd8b,,Public
fa89b3cf38c79cb5,,Public
ffbeb1dbae373610,,Public
fe63a4477c89c4a0,,Public
fda3a50bc9f3e4ec,,Public
fbdb228f151251a8,,Public
f3b9f7e899cb6538,,Public
ffded818e2d8f2e5,,Public
f6098fbcc62f505e,,Public
fc8d4b739f819ac3,,Public
f43bd7fc9ce7b214,,Public
facb03c0fb2b54ea,,Public
ffeb4990701cd67c,,Public
f79195cdb2f3cfd8,,Public
f537d45a05c0605f,,Public
fd1a2ec58f82b969,,Public
fa42391b06700485,,Public
fa03b889537e9698,,Public
f8bbfad3d6b71281,,Public
ff61827de912003e,,Public
f6031e5a2d865165,,Public
f5d6b61189b05162,,Public
f5d414af720062bf,,Public
f6f4dd4df66a409c,,Public
f45624fd203d1d3b,,Public
f877ef36736eec9a,,Public
feec10f4ef2a8aec,,Public
f693bca91b22b184,,Public
f8c09d32660ecc3a,,Public
f3fc63788adde652,,Public
fa9b5491819d0aaa,,Public
f3a082525dd41cb1,,Public
f57ca770a38fb960,,Public
f92146f76365536c,,Public
fbd24b269b0fc504,,Public
f7b07a3d3f921f31,,Public
fa5a593e52e4ea82,,Public
f5bafa73ada44b43,,Public
f8621774f7db9b72,,Public
f9225a38b42aa374,,Public
fddcfa37ce093644,,Public
fa260bc4036779c1,,Public
f8436a4b398151bb,,Public
fe7d4c5707749c09,,Public
f8744774c7c3a1e0,,Public
fc67c1a51bb4fd5c,,Public
f328c7eea6d99afd,,Public
f978a4b0675b4094,,Public
fd01236d27f1c500,,Public
fb48e78ea5dfa9de,,Public
fc5f0c60e7a124b1,,Public
f46a812f522edd32,,Public
fc06909a92c20284,,Public
f40868c7d62ece9a,,Public
f85c22dcef995261,,Public
f603f5a8f443434b,,Public
fb23f97445f2f76a,,Public
f70738d94adf5de9,,Public
f6a542b2a3b8ec3e,,Public
f622386a067394c7,,Public
ffc69230148753e1,,Public
f94979f703f3776e,,Public
fd03449f3921bac9,,Public
f53b5f8665f68e53,,Public
f4d1cf6bab36033c,,Public
f5be5712143cd25a,,Public
fc40a4d237b72d98,,Public
fef6bc092a2a6242,,Public
f60ca915bbd22111,,Public
f7c9a8ef0ab5f928,,Public
feee28cd34a2c13d,,Public
f7c089d7f1a374c2,,Public
f96f5878adf6406d,,Public
fe89712f7160f2a8,,Public
fdd5d74760f5a381,,Public
f832860c32f2b04e,165596,Public
f4d2a82f752484f6,,Public
f59a5d06120ed629,,Public
ffe6cabf63364172,,Public
fb14dca75bb2de01,,Public
fbe3b98ccebcdf64,,Public
fc562c526ab0531a,,Public
fadcfc4f3e9b5327,,Public
f38952511fd7de04,,Public
fef431bc18ba71ed,,Public
f6ddf20713e4d239,,Public
ff595190f9d7573c,,Public
fa62656290587c7a,,Public
fd77a99b824dd068,,Public
fb4fc474c5d1b05b,,Public
f7c6fc4c4a1bca68,,Public
fc44ce055cbd21be,,Public
fa0af37f31d25880,,Public
f409e5d312b432d1,,Public
feeffa5e78226094,,Public
f7503a5fd7298529,,Public
fcf075064424cc11,,Public
fcbb9ee395e2b1e0,,Public
f97e9ee869225538,,Public
f54ee428d8ad8c2d,,Public
fbccd7a392743fe3,,Public
f7d3de55baade219,,Public
f80745f59442c3b1,,Public
fa0b4d2d02dabd94,,Public
f94a5fb80cc7f214,,Public
f86ec029db35da54,,Public
f5769b4f702e0df7,,Public
f3653a08251a892d,,Public
fb89e80a2eb9f621,,Public
f4a456b8a0dcd8ab,,Public
f335b908e3e80435,,Public
fd6632a6dec113b9,,Public
f7dc881068389944,,Public
fdc1464d186951b1,,Public
fe9df63b41f1b34a,,Public
ffcc8312249d5e7d,,Public
f5bb28b889f4816d,,Public
f47078989d61c7cc,,Public
f62f9cb7b7794cfd,,Public
fbd16de443d1f6e7,,Public
f8197c592ad1e892,,Public
f50ab86719d1e51e,,Public
f5e390e3d8a3f247,,Public
f41c09cd286b9c47,,Public
f760fc11d7092b06,,Public
fdcbdd9adac9d129,,Public
f3b566e223b557fa,,Public
f47fcc8c4e905b84,,Public
fbd7ebcd6c1d3f72,,Public
f9e146301ebab3d7,153307,Public
fb583f520ebc1008,,Public
f83a2b6d9cffe43a,,Public
f51f2b0a0dea289a,,Public
ff8c2cf4b926cc5a,,Public
f4e54cdae9fe21bc,,Public
f9ee610ba4f593db,,Public
f4195bb53f1d7140,,Public
fc11e17cb5ca2845,,Public
f3844e0c55651c1a,,Public
fe08ad167b324a38,,Public
f3d3da042e171cfc,,Public
fba2ce9b0892932d,,Public
ff48c3519c3a2d58,,Public
f56f23d5cc5555ac,,Public
fea30fb90324833a,,Public
f3b9c2937d52ddee,,Public
fb88f3ad25a21de5,,Public
faa84da73b3e1989,,Public
f5626597860610b3,,Public
fafc30e8faaa97ca,,Public
f6437a3fca0162f6,,Public
f6ac13d492f15c39,,Public
ff98a4af0814372e,,Public
fe0fa55c68f1b238,,Public
f7cd0eb840b9ac59,,Public
fceeca6e1698fb08,,Public
fbe05e8fc49138b0,,Public
fc23c9ddd7c37d1a,,Public
f63e4f61d163a959,,Public
f32db99251f3a48a,,Public
f384202af53fe17b,,Public
f9fbc513379a1c07,,Public
ff4de0fecc68f426,,Public
fda68d3bad0e20ac,,Public
f6d3ce1f1fcdcdf5,,Public
f4097e1ec36efca9,,Public
ff08c8a85db3b696,,Public
f6a13f8559922073,,Public
f7493fbe6a8a7fe7,,Public
f5400b4be7141355,,Public
fee634880e80fe89,,Public
f6b4d217db9dc067,,Public
fe52ddd3323a9ded,,Public
fb0cd0d9eda32717,,Public
ffced0753d88ad59,,Public
f95b9c67e5cdeefe,,Public
fe715e189b9737bd,,Public
f86d014828e48108,,Public
f9b9d056f82f8c7a,,Public
f4fa1b36f6b0eba8,,Public
f36613e63194065d,,Public
feecf90c559c16ba,,Public
f43661fc0a1a8301,,Public
f70c2e3e356094c9,,Public
fdc56c47c47b57d2,,Public
fe49cc0bf08c20ec,,Public
f409fc6dcfbdd4ee,,Public
fa6b8fa97dc28b49,,Public
fe41d6a00f92c478,,Public
f6048ddd3200e5c2,,Public
f7a440315f449e46,,Public
f871cc63b36295d7,,Public
f8fe486d375012ae,,Public
ff435b3227e9f014,,Public
ff67338202d98dba,,Public
f904b21eb047f77d,,Public
fc9903324bd60981,,Public
f76f7b96029869aa,,Public
fa9444a3a806a039,,Public
ff5cf3c24c312b67,,Public
f4f36a15c489b2e6,,Public
fe668243dbfdf136,,Public
f79f0e8e4ab2943a,,Public
f6876513fc1f1739,121008 123095 67352,Public
fbe76b68ab395cbb,,Public
f3484f258cc5461b,,Public
f765eba97adb88dd,,Public
fb17fac5d810ae0d,,Public
fa8f3b138f02192c,,Public
fa8b6096d02754c7,,Public
ff2dec6720e73947,,Public
f70543eefb0078b1,,Public
f838a57ea734b70d,,Public
fffe9a7117daf1a2,,Public
fa273072bee3bd3a,,Public
f55d4459fa711335,,Public
f507b510b4da5954,,Public
f8437aed833ccc7e,,Public
f52c2ece6183b479,,Public
fcec89ae1a2af9e5,,Public
f3b80d77e1383ea8,,Public
f67cf842fbd6d805,,Public
f5f490c664758ff4,,Public
f528eeb8f9f90a69,,Public
f7cdc14c4d5aca0a,,Public
f39e664bd30b0645,,Public
f4b21f91bd5fd3d4,,Public
f5607c276cc532d8,,Public
f91cd4a9ad1609ad,,Public
f84af86f0aa0e56e,,Public
fec5cb63c3ceadc1,,Public
f989f822337cfdcc,,Public
fe0abe6467aa1124,,Public
fa844afb48f649d9,,Public
f7728b44d8d91cdd,,Public
fa42135174d36c63,,Public
f72ac79b6d4a099b,,Public
fb2af926b0928267,,Public
f409bd3b513d3900,,Public
f33a88c5dbdca174,,Public
fed47719e78c860a,,Public
f8cc93fb9666c420,,Public
fa7a48589e65b341,,Public
f892cb5a6be47c5e,,Public
f9ef14155c43b2b8,,Public
f5b5b7b624c13679,,Public
f35ec23f4e15a660,,Public
f4dd438244aef006,,Public
f4f3007bc4cdf60d,,Public
f3faed29355f3b9d,,Public
fd0ec8929a140fb7,129996,Public
fca784d46420a05a,,Public
f98525d47c9f1ea1,47378,Public
fe4b9b7bd904a327,,Public
f7f45ae8fab24807,,Public
f4c2499ebdc5bc75,,Public
f9b4ef16c89e7992,,Public
fd8736c972104616,164862,Public
ff5bb0e69d8ac9f2,,Public
fa75b2285c4cd806,,Public
f6c7a1ef31bc2fa1,,Public
f9a3f3e78f28a9c0,,Public
f4438069864d2bfc,,Public
f32614d4f5787b8b,,Public
f9900c45ac61f435,,Public
fb07e58c1639c7b4,,Public
fcbcaf47ad0d5567,,Public
fd5d1a6726ed689c,,Public
fdf958a298e306c1,,Public
ff6497798bd48e7d,,Public
f4fcc3ec6d273a25,,Public
f9deaab6392273a1,,Public
f7c1d549a2cf26ed,,Public
fd47ce8a4cb5f08c,,Public
fbda603f81839e5e,,Public
f48aace04ded687c,,Public
fe5cb225e1bfd51e,,Public
f8eabbeaef0ba070,,Public
f42ec2d5e03f4601,,Public
fcc17d9cbce9de29,,Public
f4debe9b95258244,,Public
fc4062d6390ad53e,,Public
f53a52033735047d,,Public
f833ee25d3f016f8,,Public
f4108f16227e5a7d,,Public
fcc7c6b804245de0,,Public
f78854b9f8baae37,,Public
f8307b6d9cb3df4a,,Public
f99b88b571ab6e91,,Public
f6679934ca4e75a9,,Public
fef902300539014a,,Public
f391f3a76bdf4efe,,Public
f764a3464165a82e,,Public
fffc8602f506b677,,Public
fc70806ea37fb020,,Public
f33307ed133e70d1,,Public
fa5dc4d73035e40c,,Public
ffb907d20d3a9a3a,,Public
f3b2ad3e52d9e4ca,,Public
f9d38e3b25af52d2,,Public
f875eba4524ae975,,Public
fcc0c7d7fe7ecc58,,Public
fcf53f51e55fddc7,,Public
f536d84960b7ecd4,,Public
f8eb19637dfadf19,,Public
f409d04ccd58ba31,,Public
fb6c31b4dffeee66,,Public
f85684fa752a93d5,,Public
fc03a6d8587a640d,,Public
fe43f76a6a20c871,,Public
ff6b16b719f20ffb,,Public
f892abaf2bd17b0f,,Public
f633018e8719dc0f,,Public
fbcf7d79657e89ed,,Public
f3b588d37e01194d,,Public
f410cd14b729fc22,,Public
f3b6f9337b6ed5bd,,Public
fd4a8f4a7d02eb37,163584,Public
f3978299fb50bcdb,,Public
fbf10f7ab9adbe67,,Public
f353441d3968dfd5,,Public
f6ecfd403645ed92,,Public
f4cc8d2e3ec6bb5d,,Public
ff894917d6076c58,,Public
f94575afc33ad473,,Public
fd3d945c35ce27f8,,Public
fdeaf1cdc7191656,,Public
ff46950108d2b5ab,,Public
fe1fb7f5c4c26e70,,Public
f5f3fa9c156cdd65,,Public
f50fc3acc4e63919,,Public
f35dca5db0e0da56,,Public
f72571cd5c14f27c,,Public
febfa781920fe4f5,,Public
f68b1e16a9e69d5c,,Public
f9439c62a15716cd,,Public
fa8c9d40ce6e2614,,Public
fe31210e67200ae1,,Public
fa69f2f3f012640c,,Public
fed3acf7c06f4856,,Public
f4dc03d242b775d9,,Public
ff0fb3590c6937d2,,Public
fac206a05993bf80,,Public
f4e7c6852e1fac0a,,Public
f5848cb197b647f2,,Public
fd0963d072820c87,,Public
ffc5d2627b385b2d,,Public
f82bbca33f9fcd10,,Public
f8e668523a599609,,Public
f733ea3daa8cf156,,Public
f48b553b8fdf8400,,Public
ff894527b58321dc,,Public
f3233fb04eff45ec,,Public
fd4150a0ddfc1c29,,Public
ffd07d0a05987580,,Public
f5229a4be80113af,,Public
fcf4b3be883f600f,,Public
f7490767e1d43000,,Public
fd925fa5d0bba2e5,,Public
ff8d93bd86dc01da,,Public
fdebec6ec307b580,,Public
ff0dd991dceaf065,,Public
f5ff5867ee7c518d,,Public
f964246f0dd158d1,,Public
f9917d1ca7743fa7,,Public
fef5bac736cf5195,,Public
f4d2f810ac8fdbe9,,Public
f52dad2f9c060508,,Public
f9ff26195536ce85,,Public
fbd0936e14218661,,Public
f320fdc14e090fcf,,Public
f3527f6de3edf221,,Public
f42a4dc567b268e1,,Public
f8520c45e894f43c,,Public
fea26188397fd482,,Public
fde7c4ae902311f0,,Public
fda6dbfc2f3fb072,,Public
f62db469ec46f805,,Public
fe51c84cb0000076,,Public
f868664eda0e3f0d,,Public
fb0663e3d4a9d57b,,Public
f34ab32188cd9470,,Public
f5fbacbd0c929461,,Public
ff1ca7f6bfe3c117,,Public
f580a80b6a664993,,Public
f65edd75bf0b5aaf,,Public
ff6110e2a2448b3e,,Public
fb54ab4712ec59c8,,Public
f93917db0a52eb00,,Public
f6daf6f993699ad2,,Public
fac2bb49b0a3fd40,,Public
f89b6a115c40a445,,Public
fa3e16795026a340,,Public
f7ad0184d3021e95,,Public
f468459d09618d45,,Public
f75653826eac35d1,,Public
f7be49638d9f2cb6,,Public
f90d7299094571dc,,Public
f40b6cf2a10afbc1,,Public
fef3ecb3ba7565cc,,Public
f8950d3483b191a5,,Public
f4ed4818476f335a,,Public
f4286481849b3c3c,,Public
fd7185c3b49e8406,,Public
fd24e7617ed9a721,,Public
f5baf63a977db346,,Public
f7603447a38a5db4,,Public
f87cc1f8b95f2e79,,Public
fe7bacf8bf45e7d4,,Public
fba30b9dde2e5fe1,,Public
f363923dd66b0645,,Public
fb00c83920600928,,Public
f34903fe08a1d136,,Public
fc76f42f5f20139f,169757,Public
f45cea387a95dd16,,Public
f341aa73b03b308b,,Public
f554507fa8384155,,Public
f4487cdf4aa1f859,,Public
ffee583fb9705964,,Public
f480969aec5b02cd,,Public
fe81071f51667c84,,Public
f826ea80e0adc346,,Public
f7a6f9f42f20411e,41447,Public
fcf4a5a3255380ee,,Public
f41cece67fbcf8f4,,Public
fde691f94869d90e,,Public
faf16a9f034d34ac,,Public
f6cddda4d3ea64ea,,Public
fcb50e61b1a26448,,Public
fb6cbc054854bb73,,Public
fd574084d2d2acf7,,Public
f862d3badc392d7d,,Public
fff0fbeef40fc4a6,,Public
fc0a34b1b5e43e44,,Public
f7424ab2af874a0b,,Public
f8c5b74524689b0d,,Public
fc0ca8a0982dc347,,Public
fb28f34441b023cf,,Public
f3ae0e621d2c0139,,Public
f824d62779b1d2d2,,Public
fa40e48d7d691bb9,,Public
fc4b2d0b8240dfc3,,Public
ff7977b39e01a908,,Public
fdce26913aeaabfa,,Public
fd7f22a8235a1bba,,Public
f8d3131981649ec8,,Public
ff3235a04064cc54,,Public
f83265b5981dc908,,Public
f3fbc32acfc461ae,,Public
f6dbc3d021f7c221,,Public
fa2d11f65df32234,,Public
fe3052a3211ebe37,,Public
ff7d3df063e6a285,,Public
fe96a9bf49ec24d8,,Public
f90f52ed2ff1640e,,Public
fb06987cd394d28a,,Public
fc97adfc7caafe7c,,Public
ff836f9d9814dc6d,,Public
f47fc4664cf4c315,,Public
fa49342b10c9ecf9,,Public
f96ad08f134400de,,Public
f8766bb2e96c0f12,,Public
f87b644f37cb453f,,Public
fbd74be14ff7bbc4,,Public
fbd2c1cc189de9c1,,Public
f49048e3008d01a1,,Public
f80259685da0488e,,Public
f59cfdaa5730f1d2,,Public
fc7ed94e2d1b4015,,Public
ff4ccceb9cca4be8,,Public
fc34e0272096f65a,,Public
ff9be458c278c82d,,Public
f72fd9ccb0d73687,,Public
f9a6a2021e89bd91,,Public
f73fd24355f705a1,,Public
f87e9a7804125393,,Public
f8c968b4f2dd12d8,,Public
f80ac1235d4c7a8f,,Public
fe106b044091614e,,Public
fca8e1e82db095fd,,Public
f3d9f3feb989a849,,Public
fea2027828609ad4,,Public
fa905d9cec6dce38,,Public
f5104ee612ce238e,,Public
f5d93acee9e79029,,Public
f344e110ce754b73,,Public
f44ea6d551c99da5,,Public
fc357ddff3f3c946,,Public
f605c65192eb912c,,Public
ff9ddf76383fb359,,Public
f85d276a94063d1d,,Public
f89df5032b52df40,,Public
fcb1e86011dcf35d,,Public
f37a195263936f47,,Public
f42aee0eb3b0cf46,,Public
fe72ca8068ba0386,,Public
f717e7f769bbc378,,Public
f4f75bdf642b3027,,Public
fc716139f5343ed4,,Public
feb75cd6a5ec4426,,Public
f95ee2f34e0d0fe8,,Public
fb76d531ca10bcf8,,Public
f85245a78a742dc8,,Public
f7f15cfc111e4e80,,Public
fe52b87cab092022,,Public
f8c8143f43612b2a,,Public
fb9a201feb7184ed,,Public
fcadde066767bd39,,Public
f6246c64fc084e93,,Public
f8014acad4d4f281,,Public
fffaac5823a8d626,,Public
f4491fabf634f2d3,,Public
fa5dc2a5d1fe12ed,,Public
f5916345487f9c34,,Public
fd7c4e2a4006bd54,,Public
f92fdde1ef21d805,,Public
fca43c448a057141,,Public
ff512f4bc651dc6c,,Public
fb407b91271aefb2,,Public
fcc29e4bb62019d9,,Public
fc396054c87ad998,,Public
f321ad8bd46d5ee8,,Public
ff98e26890a1bb51,,Public
f43996bb974bb39d,,Public
fdf09044dd66d031,,Public
fa4bac638b41237d,,Public
fe1321bd1e290af4,,Public
fe3819a5e33ff9a6,,Public
fb63d3adcf78d830,,Public
faef3e898bae9852,,Public
fb6ca52ff97c529a,,Public
fdbed166429a6bbd,,Public
fc410fea736f5d91,,Public
fcd9bacfaf74501b,,Public
f842397644dd4071,,Public
ff8a1abf29878c22,,Public
fdc30b43473614cc,,Public
f8bb2455fa3b2963,,Public
ff3e6ffc4008e045,,Public
f644fa830a789bc8,,Public
ff566cedc57b31f5,,Public
fa0dce3ba845ba59,,Public
f8035f1708f3b81a,,Public
f6f8e87fa9969761,,Public
fa13800999fd20c9,,Public
fbe4dcf8b1339be6,,Public
fb4fc0f72bb14066,,Public
f36bdd9377afb6ba,,Public
fdaa570555fd54ee,,Public
f929f1cd1378f5c8,,Public
fe96fbbf2043be69,,Public
f977333dd65360fc,,Public
fb01323cb4f9aa59,,Public
fe2b6aa2e9b06d02,,Public
fc6653b680ce6b00,,Public
ff949f63882f0506,,Public
f6d55aa63b7b812c,,Public
fcb9e7cd0f4d480d,,Public
ffc0bb0fb7f8b38d,,Public
fb3e9790ea9851ff,,Public
faba516e720986f6,,Public
fbf47d2a199b9eaa,,Public
f98ff8a84baabbb4,,Public
fa865293765e897b,,Public
fe31ec02e5d0e332,,Public
fddfe9cfe5183198,,Public
ff6094fe1de0dabf,,Public
fa3ed6820a3f958e,,Public
f519370ac9e90353,,Public
fb3aa926f3a18179,,Public
f425a8fee1755839,,Public
f5d105b67fd5a8e2,,Public
fef9b942a8cdfbc0,,Public
fec26a88c1797040,,Public
fc41e406ddbd2552,,Public
f6fba50526013024,,Public
f4393f8f69d09a81,135591,Public
fa1ec658b3c3569a,,Public
fa13f583728e76c4,,Public
f7db3b9170dfb9af,,Public
f5effee809e12446,,Public
fbcef3dacb614332,,Public
f9b676d0fd1547f8,,Public
f6127ffc84281ac7,,Public
fedfa2831a883f8c,,Public
f8e442925402b0cd,,Public
f8a4d326fd61e663,,Public
f67514076b3ed8b9,,Public
f965a35848e93335,,Public
f8fad341c18f074e,,Public
f51acb04e7d8e7cc,,Public
fecfd7b3169b71b9,,Public
fc06d57e6fa70e42,,Public
f3e0fdb7e66a66e5,,Public
f3f6181c6bb1533e,,Public
f728840a3747bf2c,,Public
fb4248286db611e4,,Public
f6b9f62007ecb3c7,,Public
fd47b59ae985cdb4,,Public
f494a3d5e4e622aa,,Public
fbd5a6ec5e5cbe85,,Public
faf6fd30a9d3fe4a,,Public
f7c52d03a7f0ed04,,Public
f45fa610f8fc4415,,Public
f91c2089b655c48d,,Public
fde3cbd9aa28c2dd,,Public
f42c324ec240e584,,Public
ff538d7239406fbe,,Public
f364ccd9c6ad7b34,,Public
f9a85fd3df70b4b1,,Public
f4508e58b21b9584,,Public
f6e1085f758f916a,,Public
fd2b54c4409f3044,,Public
f34619a334515ff6,,Public
fa1361c4c9d13ea6,,Public
fa1c76aee220c474,,Public
f997e8f80d4b5a6b,,Public
fa76d7de2971cffe,,Public
f347cf9f101b54a3,,Public
fea8aa03eb217b77,,Public
f8e138aadccb3db1,,Public
f3d0ad4e0807d2fd,,Public
fc63eb7909fd9895,,Public
fe9acc88398a3cfc,,Public
f51edbd3a037f532,,Public
f591c1bb1667ad61,,Public
fa13462f9025a210,,Public
f6354a788a7aa8f9,,Public
fee04a4e29c58db5,,Public
fb670c9f31f359d6,,Public
fc977e1084ef6882,,Public
f8b55c72b1ff0008,,Public
ffff0a102c6763c1,,Public
fd0609b42003b213,,Public
fb70ea465657cf62,,Public
f926ffd6a8899131,,Public
fb336514ebc8c1ae,,Public
f3826ee7452eac36,,Public
fc522cecef118e94,,Public
fe983f5a90a05381,,Public
f324633457c9dd29,,Public
f3a65b0c24593f6e,,Public
ff1b142c9ae5c338,,Public
fc3c1f87e96b9d6e,,Public
f54986dc8021d149,,Public
fb959e79a043c381,,Public
fb4b7c534899685d,,Public
fb589a7b53f6d714,,Public
febbe5ca22c947fc,,Public
fa3f78b767bd5886,,Public
fe6fb5fad6138e1d,,Public
fcdc33ce0e151e10,,Public
f6661bf8607bdbae,,Public
fdb6ea01b244ded4,,Public
fb59cbe0c03b124a,,Public
fedc1a9350643640,,Public
f7da5073ff51a3a1,,Public
fd84e1b11641c950,,Public
f4447f26925df833,,Public
f4480c089f8d9145,,Public
f42cdd5ec35b5ad8,,Public
f4e0984a0f31e1de,,Public
f75816ae49ffe59d,,Public
f4d11e3f16108d50,,Public
f5fe2331f62c5bb5,,Public
ff1fecd78b83243e,,Public
fb8c294ec5a1665a,,Public
f8fee9120239cda3,,Public
ff667236f918c758,,Public
ff3e9030c3ddb180,,Public
f66c69dd64dabdc6,,Public
fc61297882bfd439,,Public
fcbd09aea5cf818c,,Public
f8e8837b90cf2684,,Public
f42c2fc77208dcf9,,Public
ff577edee2f9cf0d,,Public
f79b53095fcd30ad,,Public
fbb33491660c8de9,,Public
fb4cf7daa9de2406,,Public
f556b2cd3c50ac0e,,Public
fc3b29396960a8ca,,Public
f90ac0b8d4aadded,194721,Public
f48e087ab6ca35d4,,Public
ffac1e9b5ea6c8ad,,Public
f3535137ddf910b6,,Public
f7713ac0e968f279,,Public
ff30f59f7a9dd3fd,,Public
feef7f6cb5648c1f,,Public
fa06b2c8fd981bd1,,Public
fccef48246a14fe4,,Public
fd0257fe84a5b565,,Public
fcaaec53c689c291,,Public
f3d5daf4fd7c4745,,Public
f9eecc6fa337463c,,Public
faf3ef0757495a10,,Public
f6d0bb9c39b9d201,,Public
fbec9b970153f5ad,,Public
fc4184c2bc009370,,Public
f970a285adef30e5,,Public
f876a93a7d72dd48,,Public
f97901569a68114e,,Public
fd953dc007f5d83e,,Public
f75c99e1ce4dc9cc,,Public
f847b6fcc90def86,,Public
f418c0acd27832d5,,Public
f59dfae98734907c,,Public
f593e53ce74e5af5,,Public
f84586fc01237897,,Public
fb1124000be33861,,Public
f39adf8f775ea394,141495,Public
fef060a82a09057e,,Public
f70ca2f64e20b67e,,Public
f722d861481b0b2e,,Public
f69b9275a0f37df8,39502,Public
f750b05ed015135f,,Public
fb9f56ad34df2045,,Public
fd3e72e7f98b43ff,,Public
fe8edbfc1ac2d0eb,,Public
f4fcd2681903316c,,Public
f74266b8fcbf95ae,,Public
f676bdc5948e977c,,Public
fb6db101b1f129e4,,Public
fcfbb02537275514,,Public
f9010f5a4fd3f7d0,,Public
f830f94f7c450918,,Public
fc37741312073bc2,,Public
fc99160876abc4d2,,Public
f525e5fec4c6b1fe,,Public
f32b814ffef07582,,Public
fbe3eaece58f25e4,,Public
fdc7982e5a7134aa,,Public
fd3563fdde886ae9,,Public
f68104177a4ea972,,Public
fc76b20f70bcfe62,,Public
f67635acd2d358de,,Public
fe2cf99c0091db17,,Public
fa37bcc16dec0121,,Public
feabd72d2cd4a2e3,,Public
fd355d7abc41a4de,,Public
f8f49d54a6bd23cf,,Public
f83ffe97ce0b3243,,Public
f4ca532791e547f2,,Public
f84816cbbee8d6cc,,Public
f41fe106b8013bf0,,Public
fce66bb7072eacfd,,Public
fb113e207ba9ffdd,,Public
fdf20ca8f4a12071,,Public
fdacf2b572fe89a7,,Public
fd30213bc20c40de,,Public
fc839d7160bffa0f,,Public
fd5272161c7a766a,,Public
f4c893c80b7f9809,,Public
fc69830abbaf6a09,,Public
f7630ab80242c64a,,Public
f9003044f8208f2f,,Public
fe1a23bcd9a66954,,Public
fe2ec8ab4b38a062,,Public
f437cd317e746ae0,,Public
f3ee775c76152e3a,,Public
ff74bedadfbddf79,,Public
f4547f05826782ed,,Public
faba1eb1c2f69b48,,Public
fb5fd413b1792cba,,Public
f6222b9c324d48de,,Public
fc5aacf6b6e3fadd,,Public
f769fb828d5ed83d,,Public
fde09c4014a1988c,,Public
fe4b974587bdbdd5,,Public
fe5e4170f22591c9,,Public
f6a966e6c51d8388,,Public
f539ae1d82e4f101,,Public
f4ef09e261ab041e,,Public
f7b94840ada88562,,Public
f33ceecc7b35594b,,Public
fd39441dac0b3c46,,Public
f6cdb9180a9cc4a8,,Public
fb766f850c3af219,,Public
f7cdaf73db2c78cd,,Public
f46ab342be7a1aa2,,Public
fd3a18bbc80c09a2,,Public
f9da35aaef30e8f6,,Public
ff8baa76f87452a7,,Public
f67d1bac7a8ee836,,Public
fb15c7c6e5b875f6,,Public
f9fe6f4f20285168,,Public
f6366aa29623c0e6,,Public
fed83c87c4580c54,,Public
f9a07123898f11ec,,Public
faa6fbcdfd42c1e2,,Public
f740a6731b201e1d,,Public
fc287b41eb2cccf2,,Public
faffff6ca8cf6f10,,Public
f6e4afae6a2e1dc4,,Public
f979d0c2119280a2,,Public
f63cdd84c86127ff,,Public
f473bc3293e4c5c9,,Public
fa1ccd0926f34f71,,Public
f936d2c1a56f5139,,Public
fa96cc34efc2a60f,,Public
f37e93d303535683,,Public
fdf610e1aa58679a,,Public
f4f2510c0458261a,,Public
fafe2b4e7883721a,20343,Public
f7f1ffc7d798ac59,,Public
f937a3448a0be656,,Public
fd4ced3fe097edd1,,Public
f6157506c450056d,,Public
fb8339fc4f593f08,,Public
fb7f0d23d29936ed,,Public
f92fa56da4e2d3e0,,Public
f512f6a3a0ba40d5,,Public
f5d7806fd8b5feaa,,Public
f54b6aa975d8f714,,Public
f99cebd0973baade,,Public
fff331d35e5dc080,,Public
faf0a3cfab7e15fc,,Public
fae92934cd69d790,,Public
f89eafe73a4e62ea,,Public
fb2a9c8c8426a759,,Public
fed93786b88b567e,,Public
fbf8d9d0ac733a6a,,Public
fd29d916ebd6db4a,,Public
fd3636f08836f1e9,,Public
f7c9240267fe1812,,Public
f65cbb28a61a7128,,Public
f5c7541c08519119,123095,Public
fd8bd24bfc9ba43e,,Public
f6b904fafeb29ad6,167679,Public
fcf15132f587e5c5,,Public
fb8b1cd0b0d2260a,,Public
f725a97d3694f82a,,Public
f9a2827f918e1176,,Public
f3bcafca6bf502cb,,Public
fee1868858b272d8,,Public
f7b2c41710d97e16,,Public
f57c7c8bd3725530,,Public
fec93e50310cac4b,,Public
f92d846a1f12f6c6,,Public
fe4fcaf331736ba6,,Public
f8eb3fa89bdd46aa,,Public
f6ef9737c23dcacf,,Public
f5cdfde2995f4270,,Public
f32a79de2ea37330,,Public
f841a6144cb363c0,,Public
fa6aa8517fac8788,,Public
fd4bf8007de83d6a,,Public
fdd88c1ae89ea519,,Public
f39958bc4e4f38eb,,Public
fc90e661d1910328,,Public
f4746ac691574e33,,Public
fea7a3b6b6abc4cd,,Public
fb8caa19690fb9e0,,Public
fc2fc8f1eb4e7352,,Public
f6f6f6e23310c039,,Public
f9256522f1841730,,Public
f7b6f1dbd6979304,,Public
ff31455e96f58032,,Public
fc0cdb284b030496,,Public
ff079d630a38a164,,Public
fe056a404e873519,180082,Public
f371c55c01d9da6d,,Public
f9e3d15b9b27a62c,,Public
f7e7bc37619fec84,,Public
fe46ea21b00f25a1,,Public
fd7c2a8c54598906,,Public
f8cfcfcc12066db0,,Public
fa65572acf6dc840,,Public
fb3a1642fd3afab6,,Public
fdac5c105c4e2050,,Public
f92b2aa12763892e,151635,Public
f58bb7271af61f9c,,Public
f7b23b95f673d922,,Public
f8c5dcf00b7b030d,,Public
ff8ef27f34a09eae,,Public
f3fa021dc0a233ba,,Public
f86bf535593d1885,,Public
feede3550ad25c00,,Public
feddc04667f59ea2,,Public
f4d448dee65e3210,,Public
f87ad9878ecf1dfa,,Public
f7e8720cf0750a58,,Public
fe46a8dd4cca90e1,,Public
fb90c2460e096520,,Public
f7bf415b6278a760,,Public
f74fb5707609ed66,,Public
fb2c62cb13c10985,,Public
f4e9a543dc49e9e6,,Public
f4f58089a51b9230,,Public
fe1dc5d9614574d8,,Public
f83aa05bd7e2081d,,Public
fb5f5ab091ed0821,,Public
f5ff49be7084456d,,Public
fa3920ec7142a3e4,,Public
ffaf2871939da8fa,,Public
f5696839f2b88d2a,,Public
fa0af9ebb998e898,,Public
f4d395c867f5f2ba,,Public
fdcc8034882b4929,,Public
f69ebce50efadd1d,,Public
f7fe45559dab0f02,,Public
f5ef7b63bcc159e5,,Public
ffe39d4f654ba9e8,,Public
ffe9e6f60cc0ed0f,,Public
fae6146522d15051,,Public
fbd8785d0920f6fd,,Public
f5c6cfbfb6baf1f0,,Public
fb694cc3bc6e4542,,Public
fee1b80e1ac7e20c,,Public
fef6ad6b84128674,,Public
fc167224da5f65d9,,Public
f70e2bb6160c7d7d,,Public
fdf7033a1911bb5f,,Public
f6e40f6b9ad4337a,,Public
f8c713175ef973bc,,Public
f93210dc098f6d81,,Public
f7744bed87dab524,,Public
f8d45d4f2c63ec45,,Public
f783d2e98fe098b4,,Public
feba9b646be07b60,,Public
f7f0400dd6d9c50d,,Public
f430fcdae7f7d52a,,Public
fb8e45ff5b5fd1d5,,Public
faeadc9c9f74ddd6,,Public
f702c30c168a5fd1,,Public
fd1f154e5d12542f,,Public
f8df47d175d4b8dd,,Public
ff8b519e7dfc5506,121259 170701,Public
f48bb4e7f6222ef0,,Public
fb8349f970a35227,,Public
f522da4868b55f01,,Public
fe862482516f6cce,,Public
faab41a0ef9c90f0,,Public
f3cb5d484a3fa778,,Public
f7679cdc14b61bc8,,Public
f759e593247d31da,,Public
fa2b4982537efc5d,,Public
fde46cd08c029831,,Public
fc164ccfae51fc3d,,Public
fe8890f3b2520b34,,Public
fa0058e0e7ecccc0,,Public
f9c679c9a0f16fe5,,Public
f87e18038ca5066c,,Public
f818a4a3c569d4de,,Public
f6d65ad86c7f5b71,,Public
f7a25d524e20a1b9,,Public
fefd3c8cd33949c5,,Public
fd24427b04f3e966,,Public
f62abd4a63c54554,,Public
f5bc354b8dd63894,,Public
f9a512c0e9b8f149,,Public
f364cf8a07271d9d,,Public
f603b0aef64c6d32,,Public
f6e6cff6bcfc4354,,Public
f4f832d427c64d25,,Public
fa248b2a4012065a,,Public
f54812a66800cd0f,,Public
f8de65779e12e271,,Public
ff4310305708e4d8,,Public
fa2e56857cbecad1,,Public
f9631424b0450218,,Public
fe41fc3332e08475,,Public
f9e5094bdb8a02f9,,Public
f43ee9d98d559b26,,Public
f5bf95bd03a18662,,Public
f72ccd509ad59b57,,Public
fffca6cfd53900a5,,Public
f5a77551d20d267c,,Public
f981098697d82136,,Public
fe0f7c7bacc1f365,,Public
f534d1b8b56dcd78,,Public
fe598eb80dcfba91,,Public
fdb106f4e13344a6,,Public
fd41aa405417903e,,Public
fd8ac7dbf08669ca,,Public
fdef149127561b29,,Public
f628f078d4fbae5c,,Public
f7c0f20376576f2d,,Public
f5044d0a779e06ec,,Public
f8a6b9339f0ed932,,Public
f72769373ee0e8e7,,Public
f8883d18c4864e6c,,Public
fe12ca9570c99578,,Public
fd1438c98ffec538,,Public
fde80b5bdbabe275,,Public
f9231ec1ff13540a,,Public
fe582c11745ca6d0,,Public
fde9a3551642e6da,,Public
fb22a5a477d93368,,Public
f5f44c3e2b9fc1c1,,Public
f92cd395a104dfe0,,Public
f48b1cc94f581c17,,Public
f89c060c82c13b01,,Public
facd6e4258b075e4,,Public
f6aa77c5c448a889,,Public
f9d288769320e7c0,,Public
fb28c3bbe36f97c1,,Public
f82d1816d798dcd6,,Public
facc6b0b99ba10b2,,Public
fd939afa9e605fa7,,Public
f5c0f67f8428b859,,Public
f5ce26940d3192cd,,Public
ff1a12c3e34410d2,,Public
f85da65c81f23b38,,Public
fbca60a8b45fa576,,Public
fdeed65c26936ed0,,Public
ffd3025b2d6ae5a1,,Public
f9b7e69d97f010d6,,Public
f39e75654afba803,,Public
f6470a63b12b33b7,,Public
fdc147a3ba58cdec,,Public
f55469439fbc0b97,,Public
fbe1040e79b7f7b4,,Public
f4a262231e7f000e,,Public
f9fe98ef9e2fb546,,Public
fc8482a7dc4dc375,,Public
f8308f84742dd672,,Public
f51cf5c8e469b5f3,,Public
fe383446474f63ea,,Public
f50a3608af07dec2,,Public
f34564fc86483444,,Public
fb48988023f96ffc,,Public
fc020599afa67db6,,Public
f45058a5a408b555,,Public
fc43888b563acf9b,,Public
faed95a2db0a5a9e,,Public
f661bb3a274f7e7b,,Public
f3ca828b67f78972,,Public
ff1434a89c170d49,,Public
f756f345a3b75b26,,Public
ff0806e88551b351,,Public
f797bd8e7418b582,,Public
f35b49face4cc39c,,Public
f42816e8e009e636,,Public
f8bb5845d0732c56,,Public
ffc16bbda8f30faf,,Public
f3576a365f6eeb0f,,Public
f9d0e908046bd03a,,Public
f50cc408cf32474c,,Public
fe24bca066138922,,Public
fd357b28b926993c,,Public
f4f886930050895f,,Public
f42474bc262c55bd,,Public
f47573351e0b4a74,,Public
fc830cd3287692b4,,Public
f600a5c9bea5a1de,,Public
fe0e4ba80f152876,,Public
f98f86f7a9a83890,,Public
ffd4c19b7732cbe9,,Public
ff8c2ea74052d1ac,,Public
f45f9347387d2dca,,Public
ff9290b476cf820a,,Public
fbf86c3adecdb989,22363,Public
faf1eb801a6fc318,,Public
f4f232c606b6fc74,,Public
fd4821f3f85a3f03,,Public
f4b8f4de5acb1584,,Public
f663279dfd74b77a,,Public
f585fbdbf010566e,,Public
ff1c513b326d328a,,Public
faaf2bb6375173f4,,Public
fe1eaeb67c1f190a,,Public
fad7524e20d2bf57,,Public
fc4428fe20ba1a2f,,Public
fe9f67077cc5a97f,,Public
f5759e3145a40bde,,Public
feba3638d3ccbf45,,Public
fe86d733bfcfd5be,,Public
fd59be41135626d7,,Public
fa27bc149f939ee0,,Public
fd91b29876fc759b,,Public
fe4524caa68b5e96,,Public
ffabb9d3aa616172,,Public
f983f1451f9ff70d,,Public
f419ac8cfc857b1a,,Public
fc86a4c84227c8d2,,Public
fb23745c9863fc30,,Public
f788f8572b058a15,,Public
f70e4483726304ad,,Public
f3d4fc763ca8bb8c,,Public
f3e39b2bd87db226,,Public
fb75db0469b4fcd9,,Public
fdbdc78eae31bd82,,Public
fe8c8237d6346dba,,Public
fc7cfe62b57e08d4,,Public
fd6f5eacd53f7a7f,,Public
ff5b5e0bae914164,,Public
f3923e3fcba4a2de,,Public
f359c6931111c4ad,,Public
f781d49c2283d076,,Public
f39b74c3d845fc0e,,Public
f4a687940a3f3d85,,Public
fba4fc52dfe1d681,,Public
fdba67513c481e37,,Public
fe79dec2f6c1f2a8,,Public
f89b9ced771d5998,,Public
fc808d040fcd7760,,Public
f50ddc20b3e1adee,,Public
f7b6df0b55fe8609,,Public
f3b512683bad5854,,Public
f56da078812af767,,Public
f99ab0a8c7953066,,Public
fe6cf958175ebfdd,190161 45639,Public
f5d683bc2920ad6f,,Public
f7be75f23e3051d5,,Public
f67b9cef1b082b1c,,Public
fb9cce30e8e14f35,,Public
f988fece0e0e1be1,,Public
f4b78c4c9e611461,,Public
fd47d84b9e97e37c,,Public
f7b0b73242906b0c,,Public
fc1bd02de0a51882,,Public
ffe19f3673e09063,,Public
fc85f26aa70719cb,,Public
fbe51bec9c5f693d,,Public
f3491dca9eb41b30,,Public
f5772f0cc931dad1,,Public
ffa430a2657428ea,,Public
fbe259ddca448bbd,,Public
ff1eba1047b153d4,,Public
fc7f26fcec25aa1c,,Public
fc52af2aec77850b,,Public
f37ef38acfc5f8da,,Public
f63ad81be03395ef,,Public
f689ec481d691fae,,Public
f4f8bc2eb8046fdc,,Public
fb6038997ae2b07d,,Public
fbc61fcaffc49544,,Public
fcaec357d462ebf7,,Public
ff6d4ae2c0dda84b,,Public
fa0df1aaf1954a52,,Public
f726cd9f2092d8c5,,Public
f71ff347517b042d,,Public
f4629d39fb9bab52,,Public
fe976972ca8a3f35,,Public
f6505af7d11802de,,Public
fb65e168876de58d,,Public
f5fd44b810a01cdd,,Public
fd01b1d9eebf3901,,Public
fe253714e1ca0bc4,,Public
fe94429e17b1ce17,,Public
f71ec4e7dc10caf8,,Public
fd93343c01d31fe1,,Public
fa829493b2137fec,,Public
fd5c31a1d2096451,,Public
fbbece9d76e84c14,,Public
f550a0e256e32fb3,,Public
fe871e78df084880,,Public
fa3421b6c6a227ea,,Public
f5bf8acf7430731e,,Public
fd1e50b42c88a6ab,,Public
fe50470cece39bcd,,Public
fb6672d0a01f9e79,,Public
fee973d1e3a1fbfa,,Public
fb826c03536bfd32,,Public
fc55bac7df888b05,,Public
f888b6e2eace2704,,Public
f3c0bf1efaedbc3b,,Public
fef4c84f3d30c04d,,Public
fa6746e7eb044ad5,,Public
f42e035ef012961e,,Public
f9ab054190ca625b,,Public
f893bd82a4fe79a2,,Public
f3e9f34cd54b7a1e,,Public
f770b2c905292c66,,Public
fcb6a26294522856,,Public
fd18f7e80f2ae9e0,,Public
fe6f89b8464c31a4,,Public
f67eee10a5013fa5,,Public
fe993d692125ee6d,,Public
fd356faaa25ff407,,Public
f752a8d24e1a8b91,,Public
fc3bd252993890c2,,Public
fc53b6027f4500a5,,Public
f4e7b60187ebd13a,,Public
f473246d6ec76ff6,,Public
fafd26eff433017c,,Public
f497ebab8aa460dd,,Public
f861f6a40d0c88fe,,Public
fd170315dcab4267,,Public
f5c0194b80951dd4,,Public
fdb8e6b351de279d,,Public
feb1d65b92952c50,,Public
ff3f48b208bb8068,,Public
f9da0197f17fd4ab,,Public
fa6305146b857202,,Public
ffbf5e5b48388148,,Public
fdb54127eaa181df,,Public
f783a46f31679399,,Public
fab82dbdc5398168,,Public
f61c11ba03abcf98,,Public
f48525f45f00548a,,Public
f77805c574d6a6aa,,Public
fb9831fbe22f7886,,Public
fa25dcc3f1fa609c,,Public
fcb92eb17cb66a17,,Public
fc2d3ebc298429a9,,Public
f63cfadc1f41c830,,Public
f956fd1b203c8758,,Public
f605346725ee19c2,,Public
fc70bf7281609ab6,,Public
f6106eb1056e7310,,Public
f48f8dfad18e8314,,Public
f84496da2648c1e9,,Public
f492f0a3cd1f4d3b,,Public
f931cbb83db46378,,Public
fa1e21e266297029,,Public
f5ea1590bd01100a,,Public
f564061755d3488a,,Public
f72d5b19e77f0149,,Public
f519a4afea29dddc,,Public
faba219815aa2b23,,Public
f7aae58f8bb47e15,,Public
f7e83377129f847a,,Public
f6cba2d9391a8920,,Public
f89d2a47a242e48d,,Public
f5e9cde3f6b67e92,,Public
f772f5723a69aafc,,Public
f32602ac27b73249,,Public
fa509959cf82a4b6,,Public
fbe708d88ba07dd2,,Public
fa508ca0a9c02bc9,,Public
fc1d9e7c8214d42d,,Public
f96883f090f3d718,,Public
f942690e3445eeb1,,Public
ffd5d18e62901021,,Public
f52b05585bb9a814,,Public
fe3eabca8cfdcce0,,Public
fc0a2f40f8b14675,,Public
f9c8f896a7c6bb24,,Public
f4f931cadee8e65c,,Public
fdce4f8b62342f92,,Public
fdc35ab44232ac59,,Public
f49761c094c93504,,Public
f9ed6ea12f6d4b61,,Public
f6bf3923be5ae09d,,Public
f9105b7d7b28bcd0,,Public
fd4f49997f9f0e70,,Public
f411d36eff2fed7c,,Public
f324b711145e1e84,,Public
fcc9da20878a16c0,,Public
f9ffb2cf0bbc6155,,Public
feaca1ba95f41bb6,,Public
f381e1917a69e868,,Public
f803a91aeb30f290,,Public
f541631266e7875f,,Public
f54b9c6b4e06ea63,,Public
ff96b7950aa7d652,,Public
f65a91e3c81ce6cc,,Public
f67b4c3cae5289e8,,Public
f780eaec0bba0e31,,Public
faba5ae941e63ff8,,Public
fd2c7f0fe2832b01,,Public
f90779098ff0ef02,,Public
f9ca466ca2598d9a,,Public
f3ab2bf7aff4bdfd,,Public
fc46a834092b38e6,,Public
fee8cb482f3e041a,,Public
f3c4ae4a668c89d6,,Public
fd0b9483a90b1051,,Public
f3d613ecfb0dc34a,,Public
fabdbfc00ee66da0,,Public
ffaa067c8cefb08c,,Public
f58d76ce37ac31ea,,Public
fd3460fa75f46d36,,Public
f432cd7add940ec4,,Public
fb6d4822205a2564,,Public
f644f9b3cbbd11e0,,Public
fe3f35c3d2b0ba53,,Public
fc35bd2da44e6c1a,,Public
f9aad3fea5d7bec9,,Public
f9923a9541c243c5,,Public
ff819794341a293f,,Public
f877ec3521801dfe,,Public
fd1a463e35808875,,Public
f8cc64ba1196e1e6,,Public
fa6cf41a0217b579,,Public
f99b7e56a191811d,,Public
fe8af18450be1b76,,Public
f9fa4fa877d3955a,,Public
f875f99e01cf1f1d,,Public
f3ba64cd73baa294,,Public
fa3c2f7212b21f16,,Public
f926c3d620b73bf5,,Public
f8b9d3d0ba94bf76,,Public
fa4e348a7438cab2,,Public
f9f978cb51361869,,Public
fbdc780f4137c3a4,,Public
fe9727157e646fda,,Public
fca69412629d5939,,Public
faab496e88be0e8d,,Public
f51f523dd9af70d4,,Public
f51d01edcc20ebb6,,Public
fb26275721e9d0a6,,Public
fb80a2f76aac9915,,Public
fef082db52d59ad5,,Public
faebfca6142e5b5f,,Public
f648ef87f474fdff,,Public
faee253cbd2111f1,,Public
f563655f0ed7e417,,Public
f3617dd6395a00ef,,Public
f4619e07504348be,,Public
fd1b4ad13fb9fff4,,Public
f9808cf7c75c82fa,,Public
f691f7a7a1388118,,Public
f76d63e0f6acfcfb,,Public
ff3830123ea2db91,,Public
f5162e29b96adee4,,Public
f9c3b60765146c9e,,Public
fe58cee652a249af,,Public
f9d90c194b23aad4,,Public
f9492bac1efbe535,,Public
fef7e24737c53831,,Public
f92cc4002c0c66ee,,Public
fdb417bf0da2b80e,,Public
fdc43ff3318feeff,,Public
f935cb1700656b04,,Public
f8b4288e6c3e7b61,,Public
fc001753656026d4,,Public
f46238fcaa0d679a,,Public
fd50d1cc12105064,,Public
f99fa4d834116bd3,,Public
f70beca5bf127e4c,,Public
f76f7bf9a93f32c6,,Public
ffea9aebf4268796,,Public
fde7e1705464c8be,117362,Public
f3db39b92576a272,,Public
ffd8c36125aa2b02,,Public
f7e5396d4841a9f2,,Public
fd80c486047db428,,Public
f9ac81e46de0eec9,,Public
f91f40b5f0737080,,Public
f8106514b6acd6c0,,Public
fbf2e66a249793f2,,Public
fda89d031ba78c00,,Public
fa4503afb368dc05,,Public
fbf85fcd741bce84,,Public
fe571ebca41cba71,,Public
f56a765e6a4e5247,,Public
fa10cdabaa4b86b8,,Public
fa80aca7246b339a,,Public
fd868684d9a52b75,,Public
fb4b5e55dced4090,,Public
f410dce8951a2286,,Public
fab1e307cfc23578,,Public
f6372e0f9c540fc1,,Public
fe526b2aa3ad7bb0,,Public
fe27dffb0bb41ec5,,Public
ff84babd957eb309,,Public
f5a6c2dd3bb724bf,,Public
fb0eb8a22e0a418a,,Public
f8ca2712697a5f65,,Public
f9263b387f898e3e,,Public
feb9296a2a5af999,,Public
fb4587029b711ee6,,Public
f728c6cf6a65d940,,Public
fc0a3a8ef3e0f484,,Public
fc1eddfd3b369cf5,,Public
f8fbf037faed043c,,Public
f6e801cc4a9549b0,,Public
fc7e72767fa3c1ac,,Public
fff03998416b3cd6,,Public
fdb43ada83940d18,,Public
f8d371d90ac19365,,Public
f9ed78673041fa3f,,Public
f34d77246ce1d30b,,Public
f7052921b3bda7e0,,Public
fdd205adb7de7ad9,,Public
f694d2741ad87b05,,Public
fa7318411ba32a31,,Public
f4e0e84e7395155c,,Public
f4f929e9123f17ae,,Public
f74ab2283cdc2d01,,Public
fb9dc57310d65f5a,,Public
f9ee2f6624ff264b,,Public
f41596ed70caaae5,,Public
fbb5f369bb51a0d9,,Public
ff08fbb1c48eba28,,Public
fa4285818ca18076,,Public
f9b1b7384933a574,,Public
fa16e3b6eaf31a65,,Public
f32a260a643b805a,,Public
f64a3ec511362431,,Public
fb00d8a77e7cf97a,,Public
f75ce26627ea4fd8,,Public
f7a5909ef84901db,,Public
f3b5edd13d25bc6d,,Public
f61de0a7714b9c14,,Public
f72f1a03a301db09,,Public
f7228cc8ee46549d,,Public
f98a0752de179429,164713,Public
fe17ddba131e3a68,,Public
fc78c45ddae4c420,,Public
f75dd8c631cfc18e,,Public
f861d2ef42d54ef4,,Public
f685b7c9c44eb525,,Public
f617220f33b8a4d0,,Public
faaba25d07a9508a,,Public
f5e21f51bd7176cf,,Public
fb5dc037a831b691,,Public
f4b2cfae29325b41,,Public
f7b406f92ce6b6cf,,Public
ff79fafaf3c025ac,,Public
f91c3c355a56f365,,Public
f9d19a0fd230e1d2,,Public
f93e57511d7fc00d,,Public
fe1fc6a2f4d0065c,,Public
f37dc1f9470d6b54,,Public
fc44459c443ecc47,,Public
fd2093bf261e9668,,Public
faa319459f6f51ca,,Public
ff88007bd160c8e2,,Public
f863dd223766f25e,,Public
fe9384ba01049c96,,Public
ffb4bfd04f23dee7,184268,Public
fe681831e2dcf6c5,,Public
ffc9a766e96c7f52,,Public
f55d65aad0d717f3,100782 115500,Public
fbf6801ba76b7ad9,,Public
f8b1871b523cde72,,Public
f794b4b1abef2d67,,Public
f8d3c54a516ec95d,,Public
fd41400913a6d6a0,,Public
f82db398d0c38429,,Public
f3e03bc19b94b4ee,,Public
f4d3bc45365f8ca4,,Public
f6de13a08e718e74,,Public
f7fcfdd5fdbcd687,,Public
fad01abe9180026f,,Public
f871878439379826,,Public
f7a49ce087bec8bd,,Public
f432080ed691b694,,Public
fbaefcf2cd9e6255,,Public
f7478644b401b873,,Public
f545d185c0cee46c,,Public
fd7c241026d1d592,,Public
fade1ce948c0485b,,Public
f993458b5e1b2990,,Public
f60e88a38c18bef2,,Public
fb3332bc070f5d82,,Public
fcd3fea969e4b348,,Public
fb19336a82e5ff12,,Public
ff460285dfea985b,,Public
fd883384c3b869cc,,Public
fc96a9f74dd18742,,Public
f77c3dcea148c1b0,,Public
fa0d8920cca06454,,Public
f3c783ad883f993e,,Public
fc9ad5b0726e81d9,,Public
f31d8f7e2dc1bacd,,Public
f5782dffa2c0630c,,Public
ffd1dc3c0c50f3a1,,Public
fc955732ad29ae5e,,Public
f577b35008039601,,Public
f907402f1efbf40d,,Public
fc4c4daf9b891fb6,,Public
f65ee3ad0cc944bd,,Public
fda072c3ecfdf97d,,Public
f9a6cc356052e3f8,,Public
fd4f114166c989d3,,Public
fb7392dc45128fa3,,Public
fc525b5cb72436a5,,Public
ff330fc222d5f864,,Public
f584e3f6190d64b6,,Public
fcb186114d81923a,,Public
ff04078c3649bff6,,Public
fff18e70bf0a129c,,Public
fd9a75021605983c,,Public
fdb7eaef4f1d41c6,,Public
f963c23b742ef5b1,,Public
fc60e9165367af01,,Public
f7de40185a3c5fc1,,Public
fec7354cbf276ccd,,Public
f93719e1c4af5e9c,,Public
f6f53bdb72336ae6,,Public
ff25d1bb4e33a43b,,Public
fd6f7fbb5bd3cda5,,Public
f97ea710dfc35892,,Public
fe3390e627316e35,,Public
fd5e1926e83bd6af,,Public
f59bf48e9bb47d4a,,Public
fd2b2d8ae6cdc3fb,,Public
fcde0c7e784fd515,,Public
fa5d14543eea16a5,,Public
f424577a9ca91389,,Public
fbb57728bbaa1f79,,Public
f8e3ea71b92245d2,,Public
ffd2c0d529690955,,Public
f6d50d6093098b43,,Public
f8a5f2742a3ab968,,Public
f7efc7cb8fcb6b81,,Public
fb38a9d9d5d6cb02,,Public
fa53244a924149b2,,Public
f7f0318a26f62ab9,,Public
f72837dfee0b1442,,Public
f8f93918f5f2187e,,Public
f5e8cfb573441592,,Public
fd564215d871c9a4,,Public
ff6df944b3e4cf82,,Public
fc7011862113cddf,,Public
ff5d2309dd5f455d,,Public
f4e1128f2c0260b2,,Public
fc4386bab0e7dd1c,,Public
fe2eda291eff2e28,,Public
f74f23ab7f505916,,Public
ff89e7f22b4ca70e,,Public
f98bff84dc37ca5d,,Public
fa4e6ccbb20c9836,,Public
f3729c04b529287e,,Public
fdf42296fc792a22,,Public
f444e197000c2a85,,Public
f91fbcf9b9d1974e,,Public
fc1b80a978116fe7,,Public
f50b8958440fd9fe,,Public
f63a2c5949ba7499,,Public
f5cfff69e016375c,,Public
fc09e25ce0811002,,Public
fb685b9fb995ffa6,,Public
